section_id,training_samples_2021_2024,forecast_days_2025,train_mae_2021_2024,avg_predicted_task_time_2025,min_predicted_2025,max_predicted_2025,changepoint_prior_scale,seasonality_prior_scale,holidays_prior_scale,fourier_monthly,fourier_quarterly
SEC-001,968,239,413.92470561824416,856.3458451089192,622.9861856698371,1105.2047130878232,0.029254338019126417,0.01030759392216948,4.864715869874991,10,5
SEC-002,968,239,495.58757173762024,1395.7601383332758,1149.420124373601,1664.4246643489241,0.22762138954332634,0.014000919327379695,0.18467713067993052,4,3
SEC-003,968,239,379.0747788019466,852.9838559633865,607.3708339580137,1161.201928184766,0.10098846366877628,1.543871763639119,1.21711608065993,6,3
SEC-004,968,239,428.2952665083968,915.8762233370411,715.663703770447,1101.521225336306,0.005151892778933222,0.9459006529861674,0.10358719372494084,4,3
SEC-005,968,239,1104.4034312004342,2585.2191507037196,1707.5751364780158,3380.688235200387,0.004362487854811211,0.013350235089538814,15.35123292088448,4,9
SEC-006,968,239,804.354155678121,1942.694922265058,1645.6625873106555,2341.7060916368855,0.0015881037419492121,0.03300723715996255,14.07408779964586,5,4
