Month,Month_Name,Total_Employee_Days,Avg_Daily_Employees,Peak_Daily_Employees,Total_Task_Hours
1,Jan,480,3.8,8,3023.4883333333332
2,Feb,385,3.8,8,2337.675
3,Mar,415,3.6,7,2596.1983333333333
4,Apr,434,3.8,6,2643.1516666666666
5,May,429,3.8,6,2594.461666666667
6,Jun,463,3.9,7,2809.961666666667
7,Jul,521,3.9,7,3112.576666666667
8,Aug,489,4.1,8,3007.85
9,Sep,494,3.9,8,2981.4100000000003
10,Oct,518,4.1,9,3194.75
11,Nov,453,4.0,8,2776.1383333333333
12,Dec,477,3.8,8,2975.3766666666666
