section_id,r2_score,avg_efficiency,min_employees,max_employees,training_samples
SEC-001,0.7927599501017807,343.81426783333336,0,12,968
SEC-002,0.8299305553944234,371.9107749166667,0,12,968
SEC-003,0.7535493073309983,347.00852522916665,0,9,968
SEC-004,0.8034382712406035,353.37550863888896,0,11,968
SEC-005,0.9644516835545953,392.36784653,0,26,968
SEC-006,0.9301561807628473,386.77351920666666,0,19,968
