section_id,training_samples_2021_2024,forecast_days_2025,train_mae_2021_2024,avg_predicted_task_time_2025,min_predicted_2025,max_predicted_2025,changepoint_prior_scale,seasonality_prior_scale,holidays_prior_scale,fourier_monthly,fourier_quarterly
SEC-001,968,239,413.92463899064836,856.3437741091678,622.9836099364692,1105.2025463947784,0.029254338019126417,0.01030759392216948,4.864715869874991,10,5
SEC-002,968,239,495.58757212639307,1395.7601437666099,1149.4201297573607,1664.4246701352963,0.22762138954332634,0.014000919327379695,0.18467713067993052,4,3
SEC-003,968,239,378.87604860409056,857.374038984915,616.7764554422304,1149.9626412617315,0.10098846366877628,1.543871763639119,1.21711608065993,6,3
SEC-004,968,239,428.2952833474011,915.876701915233,715.6646878777755,1101.5213920860306,0.005151892778933222,0.9459006529861674,0.10358719372494084,4,3
SEC-005,968,239,1104.0085627956921,2578.2056517131637,1700.2192703132332,3375.6259658282193,0.004362487854811211,0.013350235089538814,15.35123292088448,4,9
SEC-006,968,239,813.7839664206294,2001.1808735516051,1725.5938676779685,2384.2956968351104,0.0015881037419492121,0.03300723715996255,14.07408779964586,5,4
