Section,Working_Days_2025,Avg_Employees_2025,Min_Employees_2025,Max_Employees_2025,Avg_Task_Time_2025,Peak_Month,Peak_Month_Avg,Low_Month,Low_Month_Avg,Q1_Avg,Q2_Avg,Q3_Avg,Q4_Avg,Total_Employee_Days_2025
SEC-001,239,2.518828451882845,2,3,856.3437741091678,5,2.9473684210526314,12,2.0476190476190474,2.192982456140351,2.7758620689655173,2.873015873015873,2.2131147540983607,602
SEC-002,239,3.8200836820083683,3,4,1395.7601437666099,10,4.0,11,3.6315789473684212,3.8947368421052633,3.7586206896551726,3.746031746031746,3.8852459016393444,913
SEC-003,239,2.4769874476987446,2,3,857.374038984915,7,2.772727272727273,6,2.1,2.3333333333333335,2.4482758620689653,2.5555555555555554,2.557377049180328,592
SEC-004,239,2.6820083682008367,2,3,915.876701915233,8,3.0,3,2.263157894736842,2.473684210526316,2.586206896551724,2.9523809523809526,2.6885245901639343,641
SEC-005,239,6.615062761506276,5,9,2578.2056517131637,10,7.571428571428571,5,5.526315789473684,6.508771929824562,5.931034482758621,6.650793650793651,7.327868852459017,1581
SEC-006,239,5.2175732217573225,5,6,2001.1808735516051,6,5.55,2,5.0,5.175438596491228,5.4655172413793105,5.142857142857143,5.098360655737705,1247
