Section,Final_MAE,Final_R2,Default_MAE,Default_R2,MAE_Improvement,R2_Improvement
SEC-001,0.5420448110327278,0.7948385952884177,0.5416566907949337,0.7947541497760858,-0.00038812023779410953,8.444551233188768e-05
SEC-002,0.5643519475513075,0.8243576713104775,0.5644123806192647,0.8243685434596668,6.043306795722181e-05,-1.0872149189267155e-05
SEC-003,0.5468665094817815,0.7623790535279846,0.5470249496886214,0.7624864576428279,0.0001584402068398605,-0.00010740411484322365
SEC-004,0.5374633510329921,0.8131166577594469,0.5380257340315613,0.8138774431499021,0.0005623829985691442,-0.0007607853904552098
SEC-005,0.5204699213255054,0.9667970437707012,0.520508517321155,0.9667971314049775,3.859599564959293e-05,-8.7634276280113e-08
SEC-006,0.5221767318048828,0.9380493397786615,0.5311715994386564,0.9351516894530626,0.008994867633773662,0.002897650325598855
