{
  "SEC-001": {
    "epsilon": 2.5,
    "alpha": 2.3819256646753313e-06,
    "max_iter": 450,
    "fit_intercept": true
  },
  "SEC-002": {
    "epsilon": 1.3,
    "alpha": 0.043570676782234655,
    "max_iter": 600,
    "fit_intercept": true
  },
  "SEC-003": {
    "epsilon": 1.3,
    "alpha": 5.002881133425486e-06,
    "max_iter": 1550,
    "fit_intercept": true
  },
  "SEC-004": {
    "epsilon": 1.0,
    "alpha": 0.002086668812396698,
    "max_iter": 300,
    "fit_intercept": true
  },
  "SEC-005": {
    "epsilon": 1.4,
    "alpha": 0.0001800366193826709,
    "max_iter": 1350,
    "fit_intercept": true
  },
  "SEC-006": {
    "epsilon": 2.2,
    "alpha": 4.514009372796933e-05,
    "max_iter": 1250,
    "fit_intercept": true
  }
}