section_id,training_samples,forecast_days,train_mae,avg_predicted_task_time,changepoint_prior_scale,seasonality_prior_scale,holidays_prior_scale,fourier_monthly,fourier_quarterly,regressor_weekend_prior,regressor_holiday_prior
SEC-001,727,241,424.6937199906946,826.0845825796731,0.029254338019126417,0.01030759392216948,4.864715869874991,10,5,0.5,1.0
SEC-002,727,241,492.15107100883813,1358.2844023283553,0.22762138954332634,0.014000919327379695,0.18467713067993052,4,3,0.5,1.0
SEC-003,727,241,398.8889788070851,909.8186971656556,0.10098846366877628,1.543871763639119,1.21711608065993,6,3,0.5,1.0
SEC-004,727,241,440.8296627384161,1036.7487304505707,0.005151892778933222,0.9459006529861674,0.10358719372494084,4,3,0.5,1.0
SEC-005,727,241,1118.1879291407117,2764.952204020631,0.004362487854811211,0.013350235089538814,15.35123292088448,4,9,0.5,1.0
SEC-006,727,241,894.1119315742886,1427.694467304112,0.0015881037419492121,0.03300723715996255,14.07408779964586,5,4,0.5,1.0
