section_id,training_samples,forecast_days,train_mae,avg_predicted_task_time,changepoint_prior_scale,seasonality_prior_scale,fourier_monthly,fourier_quarterly
SEC-001,727,241,431.6855753690113,950.5810477085067,0.0038528202328995736,0.010042907896207173,5,3
SEC-002,727,241,498.0335471785772,1560.7891664288559,0.002641088178737233,20.215080462372438,3,2
SEC-003,727,241,397.29868431540245,918.0741917107347,0.004970363760550267,0.6118755196634571,7,4
SEC-004,727,241,441.9731242462712,1033.5632215890357,0.0033372859157028488,0.7749723410793167,5,3
SEC-005,727,241,1136.6656979412364,2665.609044804688,0.07434427916859573,0.010009844767505318,3,2
SEC-006,727,241,856.0079118094094,1977.0733725107496,0.002026015292473149,0.029362473848920344,5,3
