section_id,best_epsilon,best_alpha,best_mae
SEC-001,1.0005668046834184,2.2877969273028133e-06,0.5414992987747123
SEC-002,1.0008412864081515,0.003028725614097761,0.5636837878381462
SEC-003,1.0003145623688148,1.1652587682312299e-06,0.5463088037138689
SEC-004,1.000882396613185,1.42503672339362e-05,0.5374633663324563
SEC-005,1.000614158767573,0.00047851876488863603,0.5202570967072663
SEC-006,1.0023550875369427,1.3451425934574944e-06,0.5218470489808797
