section_id,r2_score,avg_efficiency,min_employees,max_employees,training_samples
SEC-001,0.7947541497760858,345.34523029583335,0,12,727
SEC-002,0.8243685434596668,374.08057990708335,0,12,727
SEC-003,0.7624864576428279,352.43565289143515,0,9,727
SEC-004,0.8138774431499021,355.53303266805557,0,11,727
SEC-005,0.9667971314049775,393.28204218035717,0,26,727
SEC-006,0.9351516894530626,388.6879937134199,0,19,727
