section_id,r2_score,avg_efficiency,min_employees,max_employees,training_samples
SEC-001,0.7948385952884177,345.34523029583335,0,12,727
SEC-002,0.8243576713104775,374.08057990708335,0,12,727
SEC-003,0.7623790535279846,352.43565289143515,0,9,727
SEC-004,0.8131166577594469,355.53303266805557,0,11,727
SEC-005,0.9667970437707012,393.28204218035717,0,26,727
SEC-006,0.9380493416022242,388.6879937134199,0,19,727
