section_id,forecast_days,avg_predicted_employees,min_predicted,max_predicted,regression_weight,model_r2
SEC-001,241,2.4315352697095434,2,3,0.6,0.7948385952884177
SEC-002,241,3.809128630705394,3,4,0.6,0.8243576713104775
SEC-003,241,2.680497925311203,2,3,0.6,0.7623790535279846
SEC-004,241,2.9377593360995853,2,4,0.6,0.8131166577594469
SEC-005,241,7.095435684647303,5,9,0.8,0.9667970437707012
SEC-006,241,3.858921161825726,3,5,0.8,0.9380493416022242
