section_id,forecast_days,avg_predicted_employees,min_predicted,max_predicted,regression_weight,model_r2
SEC-001,241,2.800829875518672,2,3,0.6,0.7947541497760858
SEC-002,241,4.157676348547718,3,5,0.6,0.8243685434596668
SEC-003,241,2.7053941908713695,2,3,0.6,0.7624864576428279
SEC-004,241,2.921161825726141,2,4,0.6,0.8138774431499021
SEC-005,241,6.726141078838174,5,8,0.8,0.9667971314049775
SEC-006,241,5.062240663900415,4,6,0.8,0.9351516894530626
