section_id,forecast_days,avg_predicted_employees,min_predicted,max_predicted,regression_weight,model_r2
SEC-001,241,2.4356846473029043,2,3,0.6,0.7947541497760858
SEC-002,241,3.8215767634854774,3,4,0.6,0.8243685434596668
SEC-003,241,2.6929460580912865,2,3,0.6,0.7624864576428279
SEC-004,241,2.95850622406639,2,4,0.6,0.8138774431499021
SEC-005,241,6.410788381742739,4,9,0.8,0.9667971314049775
SEC-006,241,5.726141078838174,5,7,0.8,0.9351516894530626
