section_id,correlation,data_points
SEC-001,0.8915372091590732,727
SEC-002,0.9079881171599872,727
SEC-003,0.8733816471956107,727
SEC-004,0.9022540078322431,727
SEC-005,0.9832587377725608,727
SEC-006,0.9685294737911813,727
