Section,Working_Days_2025,Avg_Employees_2025,Min_Employees_2025,Max_Employees_2025,Avg_Task_Time_2025,Peak_Month,Peak_Month_Avg,Low_Month,Low_Month_Avg,Q1_Avg,Q2_Avg,Q3_Avg,Q4_Avg,Total_Employee_Days_2025
SEC-001,239,2.518828451882845,2,3,856.3458451089192,5,2.9473684210526314,12,2.0476190476190474,2.192982456140351,2.7758620689655173,2.873015873015873,2.2131147540983607,602
SEC-002,239,3.8200836820083683,3,4,1395.7601383332758,10,4.0,11,3.6315789473684212,3.8947368421052633,3.7586206896551726,3.746031746031746,3.8852459016393444,913
SEC-003,239,2.481171548117155,2,3,852.9838559633865,11,2.789473684210526,6,2.1,2.3333333333333335,2.4655172413793105,2.5555555555555554,2.557377049180328,593
SEC-004,239,2.6820083682008367,2,3,915.8762233370411,8,3.0,3,2.263157894736842,2.473684210526316,2.586206896551724,2.9523809523809526,2.6885245901639343,641
SEC-005,239,6.623430962343096,5,9,2585.2191507037196,10,7.571428571428571,5,5.526315789473684,6.543859649122807,5.931034482758621,6.650793650793651,7.327868852459017,1583
SEC-006,239,5.129707112970712,4,6,1942.694922265058,4,5.526315789473684,2,4.823529411764706,5.017543859649122,5.344827586206897,5.095238095238095,5.065573770491803,1226
