section_id,correlation,data_points
SEC-001,0.8903706812905657,968
SEC-002,0.9110609600385897,968
SEC-003,0.8682092720317218,968
SEC-004,0.8970963924547982,968
SEC-005,0.9820652761752209,968
SEC-006,0.9644460486534462,968
