section_id,forecast_days_2025,avg_predicted_employees_2025,min_predicted_2025,max_predicted_2025,regression_weight,model_r2,avg_confidence_range
SEC-001,239,2.518828451882845,2,3,0.6,0.7927599501017807,3.5313807531380754
SEC-002,239,3.8200836820083683,3,4,0.6,0.8299305553944998,4.347280334728033
SEC-003,239,2.481171548117155,2,3,0.6,0.7535493073309931,3.2677824267782425
SEC-004,239,2.6820083682008367,2,3,0.6,0.803438271321956,3.6401673640167362
SEC-005,239,6.623430962343096,5,9,0.8,0.9644516835235265,9.288702928870293
SEC-006,239,5.129707112970712,4,6,0.8,0.9301561807628473,6.397489539748954
